id,value,feed_id,created_at,lat,lon,ele
0FSR4QCYG79QS7BGMXGVSBFQQ9,Door 1 OPEN,2991705,2025-01-24 23:00:43 UTC,0.0,0.0,0.0
0FSR4QDTABT6FXMNSZQEVVJWBJ,Door 1 CLOSED,2991705,2025-01-24 23:00:46 UTC,0.0,0.0,0.0
0FSR4RD0FZG5C6KXJQ2EHPEDGD,Door 1 OPEN,2991705,2025-01-24 23:02:28 UTC,0.0,0.0,0.0
0FSR4RDRBT18B7BF2CJPVZTA8Y,Door 1 CLOSED,2991705,2025-01-24 23:02:31 UTC,0.0,0.0,0.0
0FSR67KMZMMHNEJH1K72MRBD7V,Door 1 CLOSED,2991705,2025-01-25 00:24:59 UTC,0.0,0.0,0.0
0FSR67TN4M99SH20K79DQSBNST,Door 1 OPEN,2991705,2025-01-25 00:25:21 UTC,0.0,0.0,0.0
0FSR68BMWMA0PVGP267AKCMJ2N,Door 1 CLOSED,2991705,2025-01-25 00:26:17 UTC,0.0,0.0,0.0
0FSR68BP00Y1WMTCSWCTNQR979,Door 1 OPEN,2991705,2025-01-25 00:26:17 UTC,0.0,0.0,0.0
0FSR68BRY63TNRPNTYACYX0VK5,Door 1 CLOSED,2991705,2025-01-25 00:26:18 UTC,0.0,0.0,0.0
0FSR6AQV0JXRYP23QBT5PFAG2M,Door 1 OPEN,2991705,2025-01-25 00:30:27 UTC,0.0,0.0,0.0
0FSR6ARKV7NADZKBF7XTD5QJPT,Door 1 CLOSED,2991705,2025-01-25 00:30:29 UTC,0.0,0.0,0.0
0FSR6ATE5HD6C3YKFQT527JN1G,Door 1 OPEN,2991705,2025-01-25 00:30:35 UTC,0.0,0.0,0.0
0FSR6AW63KVVSX2AWANYTTGWZ1,Door 1 CLOSED,2991705,2025-01-25 00:30:41 UTC,0.0,0.0,0.0
0FSR6AZGXHBPN9ZZMFRYS1AY5C,Door 1 OPEN,2991705,2025-01-25 00:30:52 UTC,0.0,0.0,0.0
0FSR6B1C5WYHB7XDDZW11EERKV,Door 1 CLOSED,2991705,2025-01-25 00:30:58 UTC,0.0,0.0,0.0
0FSR6BCV2RQZTQS81FKNMJ791Q,Door 1 OPEN,2991705,2025-01-25 00:31:36 UTC,0.0,0.0,0.0
0FSR6C0WZP2GD0CMZKT3K9AVGD,Door 1 CLOSED,2991705,2025-01-25 00:32:41 UTC,0.0,0.0,0.0
0FSR6GSGZHTW14TAV55TCP4SCQ,Door 1 OPEN,2991705,2025-01-25 00:41:02 UTC,0.0,0.0,0.0
0FSR6GV3JJGP4AC8KRD4RR8SPC,Door 1 CLOSED,2991705,2025-01-25 00:41:07 UTC,0.0,0.0,0.0
0FSR6H65HAWFP7WGR6P906G8J6,Door 1 OPEN,2991705,2025-01-25 00:41:43 UTC,0.0,0.0,0.0
0FSR6H866EXSW01NSCKFEB9APJ,Door 1 CLOSED,2991705,2025-01-25 00:41:50 UTC,0.0,0.0,0.0
0FSR755XCRZ6R62TFCESK756MT,Door 1 OPEN,2991705,2025-01-25 01:16:39 UTC,0.0,0.0,0.0
0FSR757STAWGPBX3ACQKRHX8J7,Door 1 CLOSED,2991705,2025-01-25 01:16:45 UTC,0.0,0.0,0.0
0FSR7JZHBJPFJ3XWN78261ZY6V,Door 1 OPEN,2991705,2025-01-25 01:40:46 UTC,0.0,0.0,0.0
0FSR7K88BJR9FK9W92QWJQ67HD,Door 1 CLOSED,2991705,2025-01-25 01:41:15 UTC,0.0,0.0,0.0
0FSR7SSY15QP6HGRWXQJQKTXZC,Door 1 OPEN,2991705,2025-01-25 01:52:42 UTC,0.0,0.0,0.0
0FSR7SZ559TRMDNKNS53EEVEXA,Door 1 CLOSED,2991705,2025-01-25 01:52:59 UTC,0.0,0.0,0.0
0FSR7YGAZF4YRNMQVJWCQV6K8D,Door 1 OPEN,2991705,2025-01-25 02:00:55 UTC,0.0,0.0,0.0
0FSR7YR09557ZF8YF1WTRWF3JM,Door 1 CLOSED,2991705,2025-01-25 02:01:20 UTC,0.0,0.0,0.0
0FSR7Z3BVPPMPB07NY3M7M4N8X,Door 1 OPEN,2991705,2025-01-25 02:01:57 UTC,0.0,0.0,0.0
0FSR7Z9M4NC3M1KSJX0JF2JH95,Door 1 CLOSED,2991705,2025-01-25 02:02:18 UTC,0.0,0.0,0.0
0FSR7ZJG5ZCJTNJHT92GFNF394,Door 1 OPEN,2991705,2025-01-25 02:02:47 UTC,0.0,0.0,0.0
0FSR7ZN0V6XWYFFKR0XRDSMR4W,Door 1 CLOSED,2991705,2025-01-25 02:02:55 UTC,0.0,0.0,0.0
0FSR8E88ADYK2EWQDD0AMPSWVJ,Door 1 OPEN,2991705,2025-01-25 02:28:26 UTC,0.0,0.0,0.0
0FSR8E8W52KCP3F9BBYTNJR8S5,Door 1 CLOSED,2991705,2025-01-25 02:28:28 UTC,0.0,0.0,0.0
0FSR8T9DYFPRYFJ6TN99V8Y7PR,Door 1 OPEN,2991705,2025-01-25 02:49:28 UTC,0.0,0.0,0.0
0FSR8TACTDZCG12QK3VRM35GW8,Door 1 CLOSED,2991705,2025-01-25 02:49:31 UTC,0.0,0.0,0.0
0FSR97Z04V2Y6Q12HKHZCKDVV1,Door 1 OPEN,2991705,2025-01-25 03:13:22 UTC,0.0,0.0,0.0
0FSR980E91Y8CC8Q0ZKAZ7846N,Door 1 CLOSED,2991705,2025-01-25 03:13:27 UTC,0.0,0.0,0.0
0FSR981N960VV8W5S1SH6BBBNZ,Door 1 OPEN,2991705,2025-01-25 03:13:31 UTC,0.0,0.0,0.0
0FSR9851V2PQ5SSH0PD9F77WD1,Door 1 CLOSED,2991705,2025-01-25 03:13:42 UTC,0.0,0.0,0.0
0FSRBNZE9ZD732PS36J2GDQHE4,Door 1 OPEN,2991705,2025-01-25 05:29:42 UTC,0.0,0.0,0.0
0FSRBP2BHR9A8XG3DHJ47ETH89,Door 1 CLOSED,2991705,2025-01-25 05:29:52 UTC,0.0,0.0,0.0
0FSRBPBC8DZ1FF5KP3DSXNAXVH,Door 1 OPEN,2991705,2025-01-25 05:30:22 UTC,0.0,0.0,0.0
0FSRBPSW9AFR6T66901NNZAR8K,Door 1 CLOSED,2991705,2025-01-25 05:31:09 UTC,0.0,0.0,0.0
0FSRBPWJ71W0SFRV1GED2NRBN1,Door 1 OPEN,2991705,2025-01-25 05:31:18 UTC,0.0,0.0,0.0
0FSRBPYDAWKC7GNFDDMDWFQK0H,Door 1 CLOSED,2991705,2025-01-25 05:31:24 UTC,0.0,0.0,0.0
0FSRBQ417AJ8H6S4ZTEZBCCNJH,Door 1 OPEN,2991705,2025-01-25 05:31:42 UTC,0.0,0.0,0.0
0FSRBQ980P4XV9W8R05ZPF72X8,Door 1 CLOSED,2991705,2025-01-25 05:31:59 UTC,0.0,0.0,0.0
0FSRBRJR2YT990KS8KH9H5EEJN,Door 1 OPEN,2991705,2025-01-25 05:34:15 UTC,0.0,0.0,0.0
0FSRBRMHCZ7XCEBY48W835QA47,Door 1 CLOSED,2991705,2025-01-25 05:34:21 UTC,0.0,0.0,0.0
0FSRBS1PB5ZT11GMMYW969MCQR,Door 1 OPEN,2991705,2025-01-25 05:35:04 UTC,0.0,0.0,0.0
0FSRBS4GKWMY77M1V0VD78ZXN3,Door 1 CLOSED,2991705,2025-01-25 05:35:14 UTC,0.0,0.0,0.0
0FSRC7Y1M5CMZGVCYY8611CPGN,Door 1 OPEN,2991705,2025-01-25 06:01:05 UTC,0.0,0.0,0.0
0FSRC80KGC4SM5EXBS1VC7PE9G,Door 1 CLOSED,2991705,2025-01-25 06:01:14 UTC,0.0,0.0,0.0
0FSRDDB17690D65RGHMN8M08BV,Door 1 OPEN,2991705,2025-01-25 07:06:28 UTC,0.0,0.0,0.0
0FSRDDBX346JAWJSBPGJS076Z8,Door 1 CLOSED,2991705,2025-01-25 07:06:30 UTC,0.0,0.0,0.0
0FSRDDPXD7KQEVD98CE5CHVYBV,Door 1 OPEN,2991705,2025-01-25 07:07:06 UTC,0.0,0.0,0.0
0FSRGDGY9MDRF1WZRQEZPWA479,Door 1 OPEN,2991705,2025-01-25 09:54:33 UTC,0.0,0.0,0.0
0FSRGDHYVT1EWZ75AKG797JTZX,Door 1 CLOSED,2991705,2025-01-25 09:54:37 UTC,0.0,0.0,0.0
0FSRRXT59VH5ARBRZVMDBEZCBP,Door 1 OPEN,2991705,2025-01-25 17:50:25 UTC,0.0,0.0,0.0
0FSRRXVGK47GZWX8883YSKBV7T,Door 1 CLOSED,2991705,2025-01-25 17:50:29 UTC,0.0,0.0,0.0
0FSRSXFYSP18D1C6ZBWA5P15B8,Door 1 OPEN,2991705,2025-01-25 18:45:47 UTC,0.0,0.0,0.0
0FSRSXHGR2DQEB26QRSQ88GBQH,Door 1 CLOSED,2991705,2025-01-25 18:45:52 UTC,0.0,0.0,0.0
0FSRT8K1P04P1FETFXSMBRSNJ4,Door 1 OPEN,2991705,2025-01-25 19:05:10 UTC,0.0,0.0,0.0
0FSRT8KVV6ETQ48GR8Y4ZW449P,Door 1 CLOSED,2991705,2025-01-25 19:05:13 UTC,0.0,0.0,0.0
0FSRT8MBKK29NNHNKKWYK1ECWX,Door 1 OPEN,2991705,2025-01-25 19:05:15 UTC,0.0,0.0,0.0
0FSRT8XAK64GRDXZQW90SSJ7DH,Door 1 CLOSED,2991705,2025-01-25 19:05:44 UTC,0.0,0.0,0.0
0FSRTVA6TVNTAYDMKXAKNAJJD5,Door 1 OPEN,2991705,2025-01-25 19:37:54 UTC,0.0,0.0,0.0
0FSRTWB7KRESRJMZTWVVZB5JT2,Door 1 CLOSED,2991705,2025-01-25 19:39:42 UTC,0.0,0.0,0.0
0FSRV5B86YEE18N8DXXCQD28SM,Door 1 OPEN,2991705,2025-01-25 19:55:26 UTC,0.0,0.0,0.0
0FSRV5JZWNT7FRFPD7G875F0MR,Door 1 CLOSED,2991705,2025-01-25 19:55:51 UTC,0.0,0.0,0.0
0FSRVWTD00BVBT8QG60WPR04H1,Door 1 OPEN,2991705,2025-01-25 20:36:27 UTC,0.0,0.0,0.0
0FSRVXAXKEGA6ZAXZ893BH0TMD,Door 1 CLOSED,2991705,2025-01-25 20:37:21 UTC,0.0,0.0,0.0
0FSRWSRKDNW83MDYDZNNNQ417Y,Door 1 OPEN,2991705,2025-01-25 21:27:02 UTC,0.0,0.0,0.0
0FSRWSSMCNCESEQG27CNWBPEM6,Door 1 CLOSED,2991705,2025-01-25 21:27:05 UTC,0.0,0.0,0.0
0FSRWV6KY4RFVJWPF5MDKY2M5W,Door 1 OPEN,2991705,2025-01-25 21:29:33 UTC,0.0,0.0,0.0
0FSRWVEK8FSYT9SQESM8EBN7NW,Door 1 CLOSED,2991705,2025-01-25 21:29:59 UTC,0.0,0.0,0.0
0FSRWVFS80XT909N5ARDR8XVTE,Door 1 OPEN,2991705,2025-01-25 21:30:03 UTC,0.0,0.0,0.0
0FSRWVGYXPE2ZWMEZ27J8D3SDJ,Door 1 CLOSED,2991705,2025-01-25 21:30:07 UTC,0.0,0.0,0.0
0FSRWVJ5GYJFZGQMS7S39GQ5X9,Door 1 OPEN,2991705,2025-01-25 21:30:11 UTC,0.0,0.0,0.0
0FSRWVX3S3V2C8B562KJ1HAAMA,Door 1 CLOSED,2991705,2025-01-25 21:30:46 UTC,0.0,0.0,0.0
0FSRWVXKW44CD5HNBK7V1Q7H3D,Door 1 OPEN,2991705,2025-01-25 21:30:48 UTC,0.0,0.0,0.0
0FSRWVXS27Q07Y0J5TXN1NKNWR,Door 1 CLOSED,2991705,2025-01-25 21:30:49 UTC,0.0,0.0,0.0
0FSRWVZKCYZ7KGT2V8N0MX4MFS,Door 1 OPEN,2991705,2025-01-25 21:30:55 UTC,0.0,0.0,0.0
0FSRWW0ADM26XMDP675ENND8GB,Door 1 CLOSED,2991705,2025-01-25 21:30:57 UTC,0.0,0.0,0.0
0FSRWXPJRHXC12CFNV7X9936F1,Door 1 OPEN,2991705,2025-01-25 21:33:55 UTC,0.0,0.0,0.0
0FSRWXQXYF941P1GKS5P2XN0WM,Door 1 CLOSED,2991705,2025-01-25 21:33:59 UTC,0.0,0.0,0.0
0FSRWYF0Q2YQ7D58QVPHSGW21V,Door 1 OPEN,2991705,2025-01-25 21:35:15 UTC,0.0,0.0,0.0
0FSRWYHTHWG4R7KQ1MD2KE1WSH,Door 1 CLOSED,2991705,2025-01-25 21:35:24 UTC,0.0,0.0,0.0
0FSRWYMAYY0HQ5CCXV7K2ZH3N1,Door 1 OPEN,2991705,2025-01-25 21:35:32 UTC,0.0,0.0,0.0
0FSRWYMYWVR7SP514MCWW3BRYN,Door 1 CLOSED,2991705,2025-01-25 21:35:34 UTC,0.0,0.0,0.0
0FSRX058ZKG8QJN7BYQWSKECQ4,Door 1 OPEN,2991705,2025-01-25 21:38:13 UTC,0.0,0.0,0.0
0FSRX0785BC5ANTQQPX21HPH02,Door 1 CLOSED,2991705,2025-01-25 21:38:19 UTC,0.0,0.0,0.0
0FSRX1ETW3GFAGGKGG5CEK424E,Door 1 OPEN,2991705,2025-01-25 21:40:29 UTC,0.0,0.0,0.0
0FSRX1HYXCWKYAXE147Z2H2SGW,Door 1 CLOSED,2991705,2025-01-25 21:40:39 UTC,0.0,0.0,0.0
0FSRYMN0XJDWYCHW3RAY8S2W7E,Door 1 OPEN,2991705,2025-01-25 23:09:57 UTC,0.0,0.0,0.0
0FSRYMPYGCCF4AMRMNRJGEEHTR,Door 1 CLOSED,2991705,2025-01-25 23:10:03 UTC,0.0,0.0,0.0
0FSRYMXCVV8AYJY9VZ8BHFB1KF,Door 1 OPEN,2991705,2025-01-25 23:10:24 UTC,0.0,0.0,0.0
0FSRYMYS9C2MA3MRM9SXP2D0TF,Door 1 CLOSED,2991705,2025-01-25 23:10:29 UTC,0.0,0.0,0.0
0FSRZHV51E7573RRREF5C3W4RB,Door 1 OPEN,2991705,2025-01-26 00:00:58 UTC,0.0,0.0,0.0
0FSRZHXNZ996HF45CJFQV3HEVP,Door 1 CLOSED,2991705,2025-01-26 00:01:06 UTC,0.0,0.0,0.0
0FSRZQQE97HDT8DZ2DAC0G0V5A,Door 1 OPEN,2991705,2025-01-26 00:11:15 UTC,0.0,0.0,0.0
0FSRZQR1HFCEF24HQHPEJFM1GN,Door 1 CLOSED,2991705,2025-01-26 00:11:17 UTC,0.0,0.0,0.0
0FSRZVNDFS89QX7HNB5FYYKD4C,Door 1 OPEN,2991705,2025-01-26 00:18:08 UTC,0.0,0.0,0.0
0FSRZVQ3F2W4ZD335ZR94H9X1A,Door 1 CLOSED,2991705,2025-01-26 00:18:13 UTC,0.0,0.0,0.0
0FSS1BHPM02371DZ7T2RKPCB5Q,Door 1 OPEN,2991705,2025-01-26 01:41:49 UTC,0.0,0.0,0.0
0FSS1BKVZWQY3WY27N81GPHD0B,Door 1 CLOSED,2991705,2025-01-26 01:41:56 UTC,0.0,0.0,0.0
0FSS2MSBX01CSNRME8NR5EM8BT,Door 1 OPEN,2991705,2025-01-26 02:53:53 UTC,0.0,0.0,0.0
0FSS2MT3VC75937N8QEACQT2QT,Door 1 CLOSED,2991705,2025-01-26 02:53:55 UTC,0.0,0.0,0.0
0FSS2S4R5RG7YKB61MPZV0HF6V,Door 1 OPEN,2991705,2025-01-26 03:01:30 UTC,0.0,0.0,0.0
0FSS2S96HY4FQ264TXXH8PWW72,Door 1 CLOSED,2991705,2025-01-26 03:01:44 UTC,0.0,0.0,0.0
0FSS2SDC9VYT68M4JK3BRGEKSZ,Door 1 OPEN,2991705,2025-01-26 03:01:58 UTC,0.0,0.0,0.0
0FSS2SF8Y361EH7X58ZNZZG1AT,Door 1 CLOSED,2991705,2025-01-26 03:02:04 UTC,0.0,0.0,0.0
0FSS2ZCENFEWHARNKATEKJA80X,Door 1 OPEN,2991705,2025-01-26 03:12:24 UTC,0.0,0.0,0.0
0FSS2ZD9HZ53DPQRKVBH0JT63A,Door 1 CLOSED,2991705,2025-01-26 03:12:27 UTC,0.0,0.0,0.0
0FSS6ZP56V64AGWZ71B3CH62JA,Door 1 OPEN,2991705,2025-01-26 06:56:38 UTC,0.0,0.0,0.0
0FSS6ZPWRM6T0FN0P7JKX1CKPH,Door 1 CLOSED,2991705,2025-01-26 06:56:40 UTC,0.0,0.0,0.0
0FSSM0QJHT0D96SNYB21NS0MWF,Door 1 OPEN,2991705,2025-01-26 19:05:28 UTC,0.0,0.0,0.0
0FSSM0QYKVD9EAW53TRD5E2Q7T,Door 1 CLOSED,2991705,2025-01-26 19:05:29 UTC,0.0,0.0,0.0
0FSSQ8CMYJ6JVEEKVDA87GH6CT,Door 1 OPEN,2991705,2025-01-26 22:06:37 UTC,0.0,0.0,0.0
0FSSQ8D71QXCKKZHESB62MY3ZA,Door 1 CLOSED,2991705,2025-01-26 22:06:39 UTC,0.0,0.0,0.0
0FSSQ8DEEGFZGQXV0AN71X15FS,Door 1 OPEN,2991705,2025-01-26 22:06:40 UTC,0.0,0.0,0.0
0FSSQ8P6DHQTR87S0VDGR63ZV4,Door 1 CLOSED,2991705,2025-01-26 22:07:08 UTC,0.0,0.0,0.0
0FSSQBE6WHTNECCGNW2PK6PER0,Door 1 OPEN,2991705,2025-01-26 22:11:57 UTC,0.0,0.0,0.0
0FSSQBJG3BQSHSY4P2EHM7TBK4,Door 1 CLOSED,2991705,2025-01-26 22:12:11 UTC,0.0,0.0,0.0
0FSSQC288CKQXBFVJGXZCR32WT,Door 1 OPEN,2991705,2025-01-26 22:13:03 UTC,0.0,0.0,0.0
0FSSQCEFNBGYPZJFJFKMHQ8GAW,Door 1 CLOSED,2991705,2025-01-26 22:13:43 UTC,0.0,0.0,0.0
0FSSQEYNDJWXE67KHWRFMJ35TY,Door 1 OPEN,2991705,2025-01-26 22:18:05 UTC,0.0,0.0,0.0
0FSSQKNZ00R2WPYG5CDC3F2JNJ,Door 1 CLOSED,2991705,2025-01-26 22:26:21 UTC,0.0,0.0,0.0
0FSSRAS3NQ8VBFJDTX0Q2TKSDA,Door 1 OPEN,2991705,2025-01-26 23:06:43 UTC,0.0,0.0,0.0
0FSSRB4498W26YNFE3024K3X9K,Door 1 CLOSED,2991705,2025-01-26 23:07:19 UTC,0.0,0.0,0.0
0FSSRE488XQ12P6BJGTXD2WB3J,Door 1 OPEN,2991705,2025-01-26 23:12:34 UTC,0.0,0.0,0.0
0FSSRE4YWKSKEDX5NNDFJQ9SY0,Door 1 CLOSED,2991705,2025-01-26 23:12:37 UTC,0.0,0.0,0.0
0FSSRH461Q48CB2GB55658CGXD,Door 1 OPEN,2991705,2025-01-26 23:17:49 UTC,0.0,0.0,0.0
0FSSRHBK6MGG3HNRHPP9E1G1QR,Door 1 CLOSED,2991705,2025-01-26 23:18:13 UTC,0.0,0.0,0.0
0FSSSN3X27RS9TDVZDY9ECA65J,Door 1 OPEN,2991705,2025-01-27 00:20:43 UTC,0.0,0.0,0.0
0FSSSN48SQR5AKGQX2XJCP4YYX,Door 1 CLOSED,2991705,2025-01-27 00:20:44 UTC,0.0,0.0,0.0
0FSSSZ86JGZJ7PABZ2RFZ25E81,Door 1 OPEN,2991705,2025-01-27 00:38:25 UTC,0.0,0.0,0.0
0FSSSZA9AVCF30RGADDJD762K9,Door 1 CLOSED,2991705,2025-01-27 00:38:32 UTC,0.0,0.0,0.0
0FSSTT4RCEJE6R4ZV10V1MY5D6,Door 1 OPEN,2991705,2025-01-27 01:25:25 UTC,0.0,0.0,0.0
0FSSTTMWG4NRNSSS1J3KZBSK2F,Door 1 CLOSED,2991705,2025-01-27 01:26:18 UTC,0.0,0.0,0.0
0FSSTVNQ18QVJQGR8YMHQM1C4X,Door 1 OPEN,2991705,2025-01-27 01:28:05 UTC,0.0,0.0,0.0
0FSSTVQQ6ZJ3PZEGA84W24MY6H,Door 1 CLOSED,2991705,2025-01-27 01:28:12 UTC,0.0,0.0,0.0
0FSSV68BY6S0KZ5K7SEVMVF614,Door 1 OPEN,2991705,2025-01-27 01:46:35 UTC,0.0,0.0,0.0
0FSSV6996KT0V7AB02EJF5MJE3,Door 1 CLOSED,2991705,2025-01-27 01:46:38 UTC,0.0,0.0,0.0
0FSSV6C93DV3WHAWJY26ES84YR,Door 1 OPEN,2991705,2025-01-27 01:46:48 UTC,0.0,0.0,0.0
0FSSV6DX4JQHNBWANGAK3E1674,Door 1 CLOSED,2991705,2025-01-27 01:46:53 UTC,0.0,0.0,0.0
0FSSV6XB7C992S480WE6HA83Y0,Door 1 OPEN,2991705,2025-01-27 01:47:44 UTC,0.0,0.0,0.0
0FSSV6Y11C8B2A542RF6KPKWWY,Door 1 CLOSED,2991705,2025-01-27 01:47:46 UTC,0.0,0.0,0.0
0FSSVPPBK3MXB38899S10SNANB,Door 1 OPEN,2991705,2025-01-27 02:15:19 UTC,0.0,0.0,0.0
0FSSVPQBZ3QXCND523AMVW5ARC,Door 1 CLOSED,2991705,2025-01-27 02:15:22 UTC,0.0,0.0,0.0
0FSSXSW5YC2A8XCM6KW6ES79R9,Door 1 OPEN,2991705,2025-01-27 04:12:43 UTC,0.0,0.0,0.0
0FSSXSX60465TKW8HH573NRFBY,Door 1 CLOSED,2991705,2025-01-27 04:12:47 UTC,0.0,0.0,0.0
0FSSY6CTJW9GA1JZD670WJY4QG,Door 1 OPEN,2991705,2025-01-27 04:34:36 UTC,0.0,0.0,0.0
0FSSY6GQRR3R5FYD9DRJW1RTG7,Door 1 CLOSED,2991705,2025-01-27 04:34:49 UTC,0.0,0.0,0.0
0FSSYQ2MEX7T2EAAZX5AHHV093,Door 1 OPEN,2991705,2025-01-27 05:03:45 UTC,0.0,0.0,0.0
0FSSYQ3KVXC2SQBC3WQJ9ESW4N,Door 1 CLOSED,2991705,2025-01-27 05:03:49 UTC,0.0,0.0,0.0
0FSSYQB2P8CCGZTX66NF3CRQ2E,Door 1 OPEN,2991705,2025-01-27 05:04:13 UTC,0.0,0.0,0.0
0FSSYQD0JZ5ST45B5473AYGBF7,Door 1 CLOSED,2991705,2025-01-27 05:04:19 UTC,0.0,0.0,0.0
0FST0F6TXS8244WMQZCW3FXNTY,Door 1 OPEN,2991705,2025-01-27 06:41:51 UTC,0.0,0.0,0.0
0FST0FFBJ4C8WGDH0CQQA2C4H9,Door 1 CLOSED,2991705,2025-01-27 06:42:19 UTC,0.0,0.0,0.0
0FST2NDPK2HBHW5XN7XP9W5XF4,Door 1 OPEN,2991705,2025-01-27 08:44:34 UTC,0.0,0.0,0.0
0FST2NG5ZNVMDS9C4PHZDSSBRT,Door 1 CLOSED,2991705,2025-01-27 08:44:42 UTC,0.0,0.0,0.0
0FST7NYSWQQ4EBQPYWQT4AKTDJ,Door 1 OPEN,2991705,2025-01-27 13:25:07 UTC,0.0,0.0,0.0
0FST7P0H1W1S0YV21GZZZD0449,Door 1 CLOSED,2991705,2025-01-27 13:25:13 UTC,0.0,0.0,0.0
0FST7P581AKCSE1G6FTYPRADV4,Door 1 OPEN,2991705,2025-01-27 13:25:28 UTC,0.0,0.0,0.0
0FST7PB4T7XG0ZHH3DE128AASQ,Door 1 CLOSED,2991705,2025-01-27 13:25:47 UTC,0.0,0.0,0.0
0FSTBE4W8T9FQWBPMV5M7CBQ82,Door 1 OPEN,2991705,2025-01-27 16:55:10 UTC,0.0,0.0,0.0
0FSTBE9Y8GEJE7HX00AC0NMM4W,Door 1 CLOSED,2991705,2025-01-27 16:55:26 UTC,0.0,0.0,0.0
0FSTBEPZN3EBZB85W9S9W1DFWF,Door 1 OPEN,2991705,2025-01-27 16:56:09 UTC,0.0,0.0,0.0
0FSTBESE0P8CFSKWPSQ6P0WY90,Door 1 CLOSED,2991705,2025-01-27 16:56:17 UTC,0.0,0.0,0.0
0FSTD4NEKFVXT546RG67C2PYPM,Door 1 OPEN,2991705,2025-01-27 18:30:26 UTC,0.0,0.0,0.0
0FSTD4PQCB3E42HC2MRWRG6XSF,Door 1 CLOSED,2991705,2025-01-27 18:30:31 UTC,0.0,0.0,0.0
0FSTFDVT4MQSVBVKEZHACW3ASN,Door 1 OPEN,2991705,2025-01-27 20:38:22 UTC,0.0,0.0,0.0
0FSTFE4MPJPNDHKTA1HW7MCYXP,Door 1 CLOSED,2991705,2025-01-27 20:38:51 UTC,0.0,0.0,0.0
0FSTG0WS3XB2QF9ZQ6R0T2ZDVB,Door 1 OPEN,2991705,2025-01-27 21:11:37 UTC,0.0,0.0,0.0
0FSTG101VVAGPS4J31C8HK4FPB,Door 1 CLOSED,2991705,2025-01-27 21:11:48 UTC,0.0,0.0,0.0
0FSTJ1MXVJXHJNTPY744CV0SMR,Door 1 OPEN,2991705,2025-01-27 23:04:47 UTC,0.0,0.0,0.0
0FSTJ1PFGEPVBMJDWSECHCTCTP,Door 1 CLOSED,2991705,2025-01-27 23:04:52 UTC,0.0,0.0,0.0
0FSTKER32PHMXCSASBMXSACT70,Door 1 OPEN,2991705,2025-01-28 00:23:36 UTC,0.0,0.0,0.0
0FSTKERWKDYEK2QRBFHM44ZG6Y,Door 1 CLOSED,2991705,2025-01-28 00:23:39 UTC,0.0,0.0,0.0
0FSTKYZS727H04RAJCJVNMCTAW,Door 1 OPEN,2991705,2025-01-28 00:51:59 UTC,0.0,0.0,0.0
0FSTKZ2TB640B0KTFPS83BS3AF,Door 1 CLOSED,2991705,2025-01-28 00:52:09 UTC,0.0,0.0,0.0
0FSTPTY5AAD2TDFB6590TK6YCJ,Door 1 OPEN,2991705,2025-01-28 03:32:41 UTC,0.0,0.0,0.0
0FSTPTYPJ2F9B9G2KVF4NZ0J97,Door 1 CLOSED,2991705,2025-01-28 03:32:42 UTC,0.0,0.0,0.0
0FSTXXFBH3QPGRHD4NK8RY10W2,Door 1 OPEN,2991705,2025-01-28 10:08:35 UTC,0.0,0.0,0.0
0FSTXXFSDJJ5GQGGZKNZJFGA5Q,Door 1 CLOSED,2991705,2025-01-28 10:08:36 UTC,0.0,0.0,0.0
0FSTY738R176BXXCCR313Q1BB0,Door 1 OPEN,2991705,2025-01-28 10:25:24 UTC,0.0,0.0,0.0
0FSTY74Q8QZ8Q8FZQR790TDPHZ,Door 1 CLOSED,2991705,2025-01-28 10:25:29 UTC,0.0,0.0,0.0
0FSV43NPGXZV43RTRBG4FPTA6C,Door 1 OPEN,2991705,2025-01-28 15:54:57 UTC,0.0,0.0,0.0
0FSV43P542HFSG8QMAHSFSRH33,Door 1 CLOSED,2991705,2025-01-28 15:54:59 UTC,0.0,0.0,0.0
0FSV4S5BE19N48K0ZV806EBW80,Door 1 OPEN,2991705,2025-01-28 16:32:31 UTC,0.0,0.0,0.0
0FSV4S67JXF7D19XP24SS03D2F,Door 1 CLOSED,2991705,2025-01-28 16:32:34 UTC,0.0,0.0,0.0
0FSV4S6WYSX1RFA0CW66K097RQ,Door 1 OPEN,2991705,2025-01-28 16:32:36 UTC,0.0,0.0,0.0
0FSV4S90VYNHSF7M0TJ78710K6,Door 1 CLOSED,2991705,2025-01-28 16:32:43 UTC,0.0,0.0,0.0
0FSV5Z3M268DJ7RYBW8V7DBRPQ,Door 1 OPEN,2991705,2025-01-28 17:38:50 UTC,0.0,0.0,0.0
0FSV5Z454Z5TEB4X6556ECGN79,Door 1 CLOSED,2991705,2025-01-28 17:38:51 UTC,0.0,0.0,0.0
0FSV719PR2Y14GVY2HCP34YYTA,Door 1 OPEN,2991705,2025-01-28 18:38:35 UTC,0.0,0.0,0.0
0FSV71BM5XCPRSZV2BS2R3SPJH,Door 1 CLOSED,2991705,2025-01-28 18:38:41 UTC,0.0,0.0,0.0
0FSV7EDMNAYFD62FPT6FFCAP37,Door 1 OPEN,2991705,2025-01-28 19:01:31 UTC,0.0,0.0,0.0
0FSV7EJPJGG84HEWWA71BSS93X,Door 1 CLOSED,2991705,2025-01-28 19:01:47 UTC,0.0,0.0,0.0
0FSVD6ES62P2PM2A8AZ0X1NFJS,Door 1 OPEN,2991705,2025-01-29 00:23:08 UTC,0.0,0.0,0.0
0FSVD6FC5JF7VFX9VP0YN4P3SE,Door 1 CLOSED,2991705,2025-01-29 00:23:10 UTC,0.0,0.0,0.0
0FSVEYMQX9J0XJ154B7XGBD967,Door 1 OPEN,2991705,2025-01-29 02:01:20 UTC,0.0,0.0,0.0
0FSVEZ5VH8AM0VGSR8R0Y3S0NB,Door 1 CLOSED,2991705,2025-01-29 02:02:16 UTC,0.0,0.0,0.0
0FSVF0B7WAEYKS32EVTXNF265Q,Door 1 OPEN,2991705,2025-01-29 02:04:19 UTC,0.0,0.0,0.0
0FSVF0NMMVSB7N90VRY91BGND9,Door 1 CLOSED,2991705,2025-01-29 02:04:53 UTC,0.0,0.0,0.0
0FSVF0Q285A8M9EX5CRRHRRHRP,Door 1 OPEN,2991705,2025-01-29 02:04:57 UTC,0.0,0.0,0.0
0FSVF16PQM71TDPYS7F77SQJWV,Door 1 CLOSED,2991705,2025-01-29 02:05:49 UTC,0.0,0.0,0.0
0FSVFE7XDNGNK9NV87BSGV107Y,Door 1 OPEN,2991705,2025-01-29 02:28:36 UTC,0.0,0.0,0.0
0FSVFE8TAKP461V3FV60H3R1GB,Door 1 CLOSED,2991705,2025-01-29 02:28:39 UTC,0.0,0.0,0.0
0FSVFWKD7HT1EY2CZ4FSMBMHJR,Door 1 OPEN,2991705,2025-01-29 02:53:41 UTC,0.0,0.0,0.0
0FSVFWKZ61JBYV7A94HX0ZKYYA,Door 1 CLOSED,2991705,2025-01-29 02:53:43 UTC,0.0,0.0,0.0
0FSVG2DTHZNHZY09XVFA7BVPKC,Door 1 OPEN,2991705,2025-01-29 03:03:52 UTC,0.0,0.0,0.0
0FSVG2EDPBTFV8P0BG7N0KDZZH,Door 1 CLOSED,2991705,2025-01-29 03:03:54 UTC,0.0,0.0,0.0
0FSVH4AQA4VERZGJH2Q16583EK,Door 1 OPEN,2991705,2025-01-29 04:03:07 UTC,0.0,0.0,0.0
0FSVH4NT4BXTV3WVR2B2NQHE4E,Door 1 CLOSED,2991705,2025-01-29 04:03:43 UTC,0.0,0.0,0.0
0FSVK29NR1TTPMPG02Y7Z4RTNW,Door 1 OPEN,2991705,2025-01-29 05:51:25 UTC,0.0,0.0,0.0
0FSVK2A3J2F7PD7TE69QK7E42Q,Door 1 CLOSED,2991705,2025-01-29 05:51:26 UTC,0.0,0.0,0.0
0FSVM14KDBBXCF05Z12VE4GQ2P,Door 1 OPEN,2991705,2025-01-29 06:45:19 UTC,0.0,0.0,0.0
0FSVM14XYVXSF57F96H49995WX,Door 1 CLOSED,2991705,2025-01-29 06:45:20 UTC,0.0,0.0,0.0
0FSVVT86RGVR20HMAD3Q1DM10N,Door 1 OPEN,2991705,2025-01-29 14:00:40 UTC,0.0,0.0,0.0
0FSVVVATM7T7Y9W8CV2A1RFQGN,Door 1 OPEN,2991705,2025-01-29 14:02:34 UTC,0.0,0.0,0.0
0FSVVVC5BPANM5EDKF73E8TD8K,Door 1 OPEN,2991705,2025-01-29 14:02:38 UTC,0.0,0.0,0.0
0FSVVVCW3FSVDPAM6QQEC23WZ0,Door 1 OPEN,2991705,2025-01-29 14:02:40 UTC,0.0,0.0,0.0
0FSVVWRCEXJQN3GQVMKH0GBD5X,Door 1 CLOSED,2991705,2025-01-29 14:05:03 UTC,0.0,0.0,0.0
0FSVY41BW8BVSCV51KBEP765WN,Door 1 OPEN,2991705,2025-01-29 16:09:37 UTC,0.0,0.0,0.0
0FSVY42S6AEY69WAVS7EQWSDXM,Door 1 CLOSED,2991705,2025-01-29 16:09:42 UTC,0.0,0.0,0.0
0FSW048F5ZYKM53Z6GZW086GVZ,Door 1 OPEN,2991705,2025-01-29 18:01:51 UTC,0.0,0.0,0.0
0FSW048ZFMP57FM05SX826Y0PZ,Door 1 CLOSED,2991705,2025-01-29 18:01:53 UTC,0.0,0.0,0.0
0FSW04979HA23X5D5KFJ1DDQ6W,Door 1 OPEN,2991705,2025-01-29 18:01:54 UTC,0.0,0.0,0.0
0FSW04TTJ7CCESJTC84AVAMMMP,Door 1 CLOSED,2991705,2025-01-29 18:02:52 UTC,0.0,0.0,0.0
0FSW1H9QTS1BZ1FVP9VQ2NHKYW,Door 1 OPEN,2991705,2025-01-29 19:20:34 UTC,0.0,0.0,0.0
0FSW1HDJ1MVTSNV933QBE0PJ3Y,Door 1 CLOSED,2991705,2025-01-29 19:20:47 UTC,0.0,0.0,0.0
0FSW1HDRAPNFVTTJAF092JBSVW,Door 1 OPEN,2991705,2025-01-29 19:20:47 UTC,0.0,0.0,0.0
0FSW1HGEV2YS4AT8FHNWJ2N1A9,Door 1 CLOSED,2991705,2025-01-29 19:20:56 UTC,0.0,0.0,0.0
0FSW1RABRSNYT8A4TMST0A2QDP,Door 1 OPEN,2991705,2025-01-29 19:32:50 UTC,0.0,0.0,0.0
0FSW5YJBDX9NEP1GJG4MQD3WW0,Door 1 CLOSED,2991705,2025-01-29 23:27:27 UTC,0.0,0.0,0.0
0FSW5ZSYWQ14NXF7V7CBW33GG9,Door 1 OPEN,2991705,2025-01-29 23:29:37 UTC,0.0,0.0,0.0
0FSW609TT4NQ48H5FP0DFQG2DX,Door 1 CLOSED,2991705,2025-01-29 23:30:29 UTC,0.0,0.0,0.0
0FSW60BWW8F3PWQC29QH91N887,Door 1 OPEN,2991705,2025-01-29 23:30:36 UTC,0.0,0.0,0.0
0FSW60EW5SKZD56V0SD385GDSD,Door 1 CLOSED,2991705,2025-01-29 23:30:46 UTC,0.0,0.0,0.0
0FSW6MTAXYQKS26ANMK13C1FRP,Door 1 OPEN,2991705,2025-01-30 00:06:20 UTC,0.0,0.0,0.0
0FSW6N0P7EVQGPSW1R9SJN808E,Door 1 CLOSED,2991705,2025-01-30 00:06:41 UTC,0.0,0.0,0.0
0FSW6N6B5W3MYXG3F9BK8Q72Y3,Door 1 OPEN,2991705,2025-01-30 00:07:00 UTC,0.0,0.0,0.0
0FSW6N97KZE70A2WT29DXWBF1H,Door 1 CLOSED,2991705,2025-01-30 00:07:09 UTC,0.0,0.0,0.0
0FSW6V634M5JBY1HXBE9DRP9N0,Door 1 OPEN,2991705,2025-01-30 00:17:28 UTC,0.0,0.0,0.0
0FSW6V6ZDBXHK8F445K7P2H4PR,Door 1 CLOSED,2991705,2025-01-30 00:17:31 UTC,0.0,0.0,0.0
0FSW74BNKGJ0FPDQN8T8PKXS4J,Door 1 OPEN,2991705,2025-01-30 00:33:30 UTC,0.0,0.0,0.0
0FSW74DN64AWZBRWMWHEJ4T0KC,Door 1 CLOSED,2991705,2025-01-30 00:33:36 UTC,0.0,0.0,0.0
0FSW7FSY8A8SPWWGBV1H3K99BP,Door 1 OPEN,2991705,2025-01-30 00:53:30 UTC,0.0,0.0,0.0
0FSW7G11JBEE53AJGRT3VM33DR,Door 1 CLOSED,2991705,2025-01-30 00:53:53 UTC,0.0,0.0,0.0
0FSW86N1W2DMYQ2RFWSKQ6N2AK,Door 1 OPEN,2991705,2025-01-30 01:33:26 UTC,0.0,0.0,0.0
0FSW86PQ9ASJJYVDKY4EQD0MB9,Door 1 CLOSED,2991705,2025-01-30 01:33:31 UTC,0.0,0.0,0.0
0FSW898NPGQSFRZDMB0R0PB5JC,Door 1 OPEN,2991705,2025-01-30 01:38:00 UTC,0.0,0.0,0.0
0FSW89BPFQKD6MMD6R45KM4M6G,Door 1 CLOSED,2991705,2025-01-30 01:38:10 UTC,0.0,0.0,0.0
0FSW89H3AMBTMPAVFKWV36YM2Q,Door 1 OPEN,2991705,2025-01-30 01:38:28 UTC,0.0,0.0,0.0
0FSW8A5B2YZQZ5N6QZZD9Q6JQ8,Door 1 CLOSED,2991705,2025-01-30 01:39:34 UTC,0.0,0.0,0.0
0FSW8A7GZ1EWNQ595V7B3QFE5F,Door 1 OPEN,2991705,2025-01-30 01:39:41 UTC,0.0,0.0,0.0
0FSW8A8TXMPE760HQE2H46YH52,Door 1 CLOSED,2991705,2025-01-30 01:39:45 UTC,0.0,0.0,0.0
0FSW8G823CPBG28YB8SVJT7PM8,Door 1 OPEN,2991705,2025-01-30 01:50:12 UTC,0.0,0.0,0.0
0FSW8GB3ZTNPSSSFKMNHVP7WXR,Door 1 CLOSED,2991705,2025-01-30 01:50:22 UTC,0.0,0.0,0.0
0FSW8RZJ3EMZ0K5X1HPS9KMG7V,Door 1 OPEN,2991705,2025-01-30 02:05:28 UTC,0.0,0.0,0.0
0FSW8SHQY2E0GBWR3MZ7MPHA0W,Door 1 CLOSED,2991705,2025-01-30 02:06:27 UTC,0.0,0.0,0.0
0FSW92T2RMYWWX5MNKPRAV3QBV,Door 1 OPEN,2991705,2025-01-30 02:22:38 UTC,0.0,0.0,0.0
0FSW92TFFW2R29GRV6W86T0TA3,Door 1 CLOSED,2991705,2025-01-30 02:22:40 UTC,0.0,0.0,0.0
0FSW92TV8AXX0ZXDY3YFVSBAFW,Door 1 OPEN,2991705,2025-01-30 02:22:41 UTC,0.0,0.0,0.0
0FSW93B4ZZKWF7263VQQJTZH0W,Door 1 CLOSED,2991705,2025-01-30 02:23:34 UTC,0.0,0.0,0.0
0FSWA7D50W1WNAY0CZM249RPKV,Door 1 OPEN,2991705,2025-01-30 03:26:36 UTC,0.0,0.0,0.0
0FSWA7TPNTQT9T0AS758NBBGTT,Door 1 CLOSED,2991705,2025-01-30 03:27:20 UTC,0.0,0.0,0.0
0FSWA8NHK190EPXR8EAE77Y8A6,Door 1 OPEN,2991705,2025-01-30 03:28:48 UTC,0.0,0.0,0.0
0FSWA8Q10Z9JS5BHEEC4RYTG4W,Door 1 CLOSED,2991705,2025-01-30 03:28:53 UTC,0.0,0.0,0.0
0FSWA8S00F7YMFMTWBWJBTTXB8,Door 1 CLOSED,2991705,2025-01-30 03:28:59 UTC,0.0,0.0,0.0
0FSWA8S010W0X5H6R9V9CGJHM9,Door 1 OPEN,2991705,2025-01-30 03:28:59 UTC,0.0,0.0,0.0
0FSWCXJ3CZKXHWW1AZCFSWBCXQ,Door 1 OPEN,2991705,2025-01-30 05:57:10 UTC,0.0,0.0,0.0
0FSWCXK7ZZ75KDB72V23M1QAHC,Door 1 CLOSED,2991705,2025-01-30 05:57:13 UTC,0.0,0.0,0.0